level-1,关卡-1
level-2,关卡-2
level-3,关卡-3
level-4,关卡-4
level-5,关卡-5
level-6,关卡-6
level-7,关卡-7
level-8,关卡-8
level-9,关卡-9
level-10,关卡-10
level-11,关卡-11
level-12,关卡-12
level-13,关卡-13
level-14,关卡-14
level-15,关卡-15
level-16,关卡-16
level-17,关卡-17
level-18,关卡-18
level-19,关卡-19
level-20,关卡-20
level-21,关卡-21
level-22,关卡-22
level-23,关卡-23
level-24,关卡-24
level-25,关卡-25
level-26,关卡-26
level-27,关卡-27
level-28,关卡-28
level-29,关卡-29
level-30,关卡-30
level-31,关卡-31
level-32,关卡-32
level-33,关卡-33
level-34,关卡-34
level-35,关卡-35
level-36,关卡-36
level-37,关卡-37
level-38,关卡-38
level-39,关卡-39
level-40,关卡-40
level-41,关卡-41
level-42,关卡-42
level-43,关卡-43
level-44,关卡-44
level-45,关卡-45
level-46,关卡-46
level-47,关卡-47
level-48,关卡-48
level-49,关卡-49
level-50,关卡-50
level-51,关卡-51
level-52,关卡-52
level-53,关卡-53
level-54,关卡-54
level-55,关卡-55
level-56,关卡-56
level-57,关卡-57
level-58,关卡-58
level-59,关卡-59
level-60,关卡-60
